{
  "version": "0.3.5",
  "timestamp": "2026-03-29 14:54:45Z",
  "latency_mode": "api",
  "latency_ms": 28.068100024635594,
  "model": "qwen3-coder-next",
  "prefix_caching_enabled": false,
  "max_concurrency": 4,
  "benchmarks": [
    {
      "concurrency": 1,
      "context_size": 0,
      "prompt_size": 1024,
      "response_size": 256,
      "is_context_prefill_phase": false,
      "pp_throughput": {
        "mean": 457.88532761837655,
        "std": 17.0989129854361,
        "values": [
          474.9842406038126,
          440.7864146329404
        ]
      },
      "pp_req_throughput": {
        "mean": 457.88532761837655,
        "std": 17.0989129854361,
        "values": [
          474.9842406038126,
          440.7864146329404
        ]
      },
      "tg_throughput": {
        "mean": 31.41980383739402,
        "std": 0.6111579391498694,
        "values": [
          32.03096177654389,
          30.80864589824415
        ]
      },
      "tg_req_throughput": {
        "mean": 31.41980383739402,
        "std": 0.6111579391498694,
        "values": [
          32.03096177654389,
          30.80864589824415
        ]
      },
      "peak_throughput": {
        "mean": 35.0,
        "std": 0.0,
        "values": [
          35.0,
          35.0
        ]
      },
      "peak_req_throughput": {
        "mean": 35.0,
        "std": 0.0,
        "values": [
          35.0,
          35.0
        ]
      },
      "ttfr": {
        "mean": 2267.558900057338,
        "std": 83.62979989033192,
        "values": [
          2183.9291001670063,
          2351.18869994767
        ]
      },
      "est_ppt": {
        "mean": 2239.4908000327027,
        "std": 83.62979989033192,
        "values": [
          2155.861000142371,
          2323.1205999230347
        ]
      },
      "e2e_ttft": {
        "mean": 2267.558900057338,
        "std": 83.62979989033192,
        "values": [
          2183.9291001670063,
          2351.18869994767
        ]
      },
      "throughput_over_time": null,
      "requests_throughput_over_time": null
    },
    {
      "concurrency": 2,
      "context_size": 0,
      "prompt_size": 1024,
      "response_size": 256,
      "is_context_prefill_phase": false,
      "pp_throughput": {
        "mean": 14.867816205403523,
        "std": 1.9870626718798317,
        "values": [
          16.854878877283355,
          12.880753533523691
        ]
      },
      "pp_req_throughput": {
        "mean": 7.710572649724359,
        "std": 1.0979710575866333,
        "values": [
          9.113421110019713,
          8.429399761512114,
          6.441513902429658,
          6.8579558249359485
        ]
      },
      "tg_throughput": {
        "mean": 28.290519664963202,
        "std": 0.4184264461637497,
        "values": [
          28.708946111126952,
          27.872093218799453
        ]
      },
      "tg_req_throughput": {
        "mean": 32.44878242667794,
        "std": 1.2583175449806554,
        "values": [
          33.964216947869986,
          32.647653236650584,
          30.467365689643742,
          32.71589383254745
        ]
      },
      "peak_throughput": {
        "mean": 37.5,
        "std": 0.5,
        "values": [
          38.0,
          37.0
        ]
      },
      "peak_req_throughput": {
        "mean": 36.25,
        "std": 1.299038105676658,
        "values": [
          38.0,
          35.0,
          35.0,
          37.0
        ]
      },
      "ttfr": {
        "mean": 135559.5218000817,
        "std": 19193.778397771246,
        "values": [
          112389.82419995591,
          121507.65489996411,
          158996.90920021385,
          149343.69890019298
        ]
      },
      "est_ppt": {
        "mean": 135531.45370005709,
        "std": 19193.77839777125,
        "values": [
          112361.75609993127,
          121479.58679993947,
          158968.84110018922,
          149315.63080016835
        ]
      },
      "e2e_ttft": {
        "mean": 135559.5218000817,
        "std": 19193.778397771246,
        "values": [
          112389.82419995591,
          121507.65489996411,
          158996.90920021385,
          149343.69890019298
        ]
      },
      "throughput_over_time": null,
      "requests_throughput_over_time": null
    },
    {
      "concurrency": 4,
      "context_size": 0,
      "prompt_size": 1024,
      "response_size": 256,
      "is_context_prefill_phase": false,
      "pp_throughput": {
        "mean": 28.524962467378455,
        "std": 0.0,
        "values": [
          28.524962467378455
        ]
      },
      "pp_req_throughput": {
        "mean": 8.027149490553155,
        "std": 0.7033830800345712,
        "values": [
          7.66943222223902,
          8.283421796627135,
          9.02132529590902,
          7.134418647437442
        ]
      },
      "tg_throughput": {
        "mean": 26.627793930582357,
        "std": 0.0,
        "values": [
          26.627793930582357
        ]
      },
      "tg_req_throughput": {
        "mean": 32.25654327152431,
        "std": 0.4796777116768026,
        "values": [
          32.90208293687426,
          32.34292052607688,
          32.22846729843351,
          31.55270232471259
        ]
      },
      "peak_throughput": {
        "mean": 35.0,
        "std": 0.0,
        "values": [
          35.0
        ]
      },
      "peak_req_throughput": {
        "mean": 35.0,
        "std": 0.0,
        "values": [
          35.0,
          35.0,
          35.0,
          35.0
        ]
      },
      "ttfr": {
        "mean": 128541.84987494955,
        "std": 11189.24092672434,
        "values": [
          133545.1225999277,
          123527.75519993156,
          113536.88929998316,
          143557.63239995576
        ]
      },
      "est_ppt": {
        "mean": 128513.78177492492,
        "std": 11189.240926724346,
        "values": [
          133517.05449990308,
          123499.68709990692,
          113508.82119995852,
          143529.56429993114
        ]
      },
      "e2e_ttft": {
        "mean": 128541.84987494955,
        "std": 11189.24092672434,
        "values": [
          133545.1225999277,
          123527.75519993156,
          113536.88929998316,
          143557.63239995576
        ]
      },
      "throughput_over_time": null,
      "requests_throughput_over_time": null
    }
  ]
}