{
  "version": "0.3.5",
  "timestamp": "2026-03-29 14:44:43Z",
  "latency_mode": "api",
  "latency_ms": 14.118133345618844,
  "model": "qwen3-coder-next",
  "prefix_caching_enabled": false,
  "max_concurrency": 4,
  "benchmarks": [
    {
      "concurrency": 1,
      "context_size": 0,
      "prompt_size": 1024,
      "response_size": 256,
      "is_context_prefill_phase": false,
      "pp_throughput": {
        "mean": 478.2032794931471,
        "std": 8.318137223376851,
        "values": [
          469.8851422697702,
          486.5214167165239
        ]
      },
      "pp_req_throughput": {
        "mean": 478.2032794931471,
        "std": 8.318137223376851,
        "values": [
          469.8851422697702,
          486.5214167165239
        ]
      },
      "tg_throughput": {
        "mean": 33.157528418395444,
        "std": 0.8441305944559296,
        "values": [
          34.00165901285138,
          32.31339782393952
        ]
      },
      "tg_req_throughput": {
        "mean": 33.157528418395444,
        "std": 0.8441305944559296,
        "values": [
          34.00165901285138,
          32.31339782393952
        ]
      },
      "peak_throughput": {
        "mean": 36.5,
        "std": 1.5,
        "values": [
          38.0,
          35.0
        ]
      },
      "peak_req_throughput": {
        "mean": 36.5,
        "std": 1.5,
        "values": [
          38.0,
          35.0
        ]
      },
      "ttfr": {
        "mean": 2156.1150000197813,
        "std": 37.259100121445954,
        "values": [
          2193.3741001412272,
          2118.8558998983353
        ]
      },
      "est_ppt": {
        "mean": 2141.9968666741624,
        "std": 37.259100121445954,
        "values": [
          2179.2559667956084,
          2104.7377665527165
        ]
      },
      "e2e_ttft": {
        "mean": 2156.1150000197813,
        "std": 37.259100121445954,
        "values": [
          2193.3741001412272,
          2118.8558998983353
        ]
      },
      "throughput_over_time": null,
      "requests_throughput_over_time": null
    },
    {
      "concurrency": 2,
      "context_size": 0,
      "prompt_size": 1024,
      "response_size": 256,
      "is_context_prefill_phase": false,
      "pp_throughput": {
        "mean": 168.8313718017682,
        "std": 2.1499075418522864,
        "values": [
          170.98127934362049,
          166.6814642599159
        ]
      },
      "pp_req_throughput": {
        "mean": 283.9293508172712,
        "std": 199.48139174778981,
        "values": [
          476.10867451043816,
          85.59345493291383,
          83.43660401211896,
          490.5786698136138
        ]
      },
      "tg_throughput": {
        "mean": 28.028003497332303,
        "std": 0.373209347772935,
        "values": [
          28.40121284510524,
          27.65479414955937
        ]
      },
      "tg_req_throughput": {
        "mean": 31.793615926366538,
        "std": 0.4180849483028836,
        "values": [
          32.00295583468877,
          32.30559649491027,
          31.175001059138193,
          31.69091031672892
        ]
      },
      "peak_throughput": {
        "mean": 36.0,
        "std": 0.0,
        "values": [
          36.0,
          36.0
        ]
      },
      "peak_req_throughput": {
        "mean": 35.75,
        "std": 0.4330127018922193,
        "values": [
          36.0,
          36.0,
          36.0,
          35.0
        ]
      },
      "ttfr": {
        "mean": 7132.723850023467,
        "std": 5000.801328436858,
        "values": [
          2164.8876001127064,
          11977.649700129405,
          12286.909099901095,
          2101.4489999506623
        ]
      },
      "est_ppt": {
        "mean": 7118.605716677848,
        "std": 5000.801328436858,
        "values": [
          2150.7694667670876,
          11963.531566783786,
          12272.790966555476,
          2087.3308666050434
        ]
      },
      "e2e_ttft": {
        "mean": 7132.723850023467,
        "std": 5000.801328436858,
        "values": [
          2164.8876001127064,
          11977.649700129405,
          12286.909099901095,
          2101.4489999506623
        ]
      },
      "throughput_over_time": null,
      "requests_throughput_over_time": null
    },
    {
      "concurrency": 3,
      "context_size": 0,
      "prompt_size": 1024,
      "response_size": 256,
      "is_context_prefill_phase": false,
      "pp_throughput": {
        "mean": 138.62492404858904,
        "std": 2.7323845040331776,
        "values": [
          141.35730855262221,
          135.89253954455586
        ]
      },
      "pp_req_throughput": {
        "mean": 202.6224826070147,
        "std": 193.94395762077227,
        "values": [
          490.28177577591714,
          47.15019682633149,
          88.54380810045159,
          83.38962902541427,
          461.0579614094392,
          45.31152450453446
        ]
      },
      "tg_throughput": {
        "mean": 26.968371053910893,
        "std": 0.025556278823156475,
        "values": [
          26.99392733273405,
          26.942814775087736
        ]
      },
      "tg_req_throughput": {
        "mean": 31.865516099929142,
        "std": 0.35822133517622134,
        "values": [
          31.95355664268529,
          32.0441429973775,
          31.7833148731175,
          31.119500665728953,
          32.21452417258885,
          32.07805724807675
        ]
      },
      "peak_throughput": {
        "mean": 36.5,
        "std": 1.5,
        "values": [
          35.0,
          38.0
        ]
      },
      "peak_req_throughput": {
        "mean": 35.333333333333336,
        "std": 1.247219128924647,
        "values": [
          35.0,
          35.0,
          34.0,
          35.0,
          38.0,
          35.0
        ]
      },
      "ttfr": {
        "mean": 12088.59724989937,
        "std": 8169.576299043564,
        "values": [
          2102.712999796495,
          21731.94899992086,
          11579.014899907634,
          12293.822599807754,
          2232.928100042045,
          22591.155899921432
        ]
      },
      "est_ppt": {
        "mean": 12074.479116553752,
        "std": 8169.576299043564,
        "values": [
          2088.594866450876,
          21717.83086657524,
          11564.896766562015,
          12279.704466462135,
          2218.8099666964263,
          22577.037766575813
        ]
      },
      "e2e_ttft": {
        "mean": 12088.59724989937,
        "std": 8169.576299043564,
        "values": [
          2102.712999796495,
          21731.94899992086,
          11579.014899907634,
          12293.822599807754,
          2232.928100042045,
          22591.155899921432
        ]
      },
      "throughput_over_time": null,
      "requests_throughput_over_time": null
    },
    {
      "concurrency": 4,
      "context_size": 0,
      "prompt_size": 1024,
      "response_size": 256,
      "is_context_prefill_phase": false,
      "pp_throughput": {
        "mean": 126.52156961618064,
        "std": 0.2204822492067322,
        "values": [
          126.3010873669739,
          126.74205186538737
        ]
      },
      "pp_req_throughput": {
        "mean": 153.43484333527576,
        "std": 174.29538213524862,
        "values": [
          45.539149126648084,
          31.589310565185176,
          82.82013449655375,
          446.46312695679677,
          45.77496519880169,
          460.5583772416587,
          31.699949412300462,
          83.03373368426152
        ]
      },
      "tg_throughput": {
        "mean": 26.771477706141937,
        "std": 0.012455818662273188,
        "values": [
          26.78393352480421,
          26.759021887479662
        ]
      },
      "tg_req_throughput": {
        "mean": 32.45129302023474,
        "std": 0.511732767315247,