{
  "version": "0.3.5",
  "timestamp": "2026-03-29 14:37:39Z",
  "latency_mode": "api",
  "latency_ms": 22.572900013377268,
  "model": "qwen3-coder-next",
  "prefix_caching_enabled": false,
  "max_concurrency": 4,
  "benchmarks": [
    {
      "concurrency": 1,
      "context_size": 0,
      "prompt_size": 1024,
      "response_size": 256,
      "is_context_prefill_phase": false,
      "pp_throughput": {
        "mean": 453.2868394746257,
        "std": 6.6456726494815825,
        "values": [
          459.9325121241073,
          446.6411668251441
        ]
      },
      "pp_req_throughput": {
        "mean": 453.2868394746257,
        "std": 6.6456726494815825,
        "values": [
          459.9325121241073,
          446.6411668251441
        ]
      },
      "tg_throughput": {
        "mean": 34.74240627567205,
        "std": 0.6651391564587854,
        "values": [
          35.40754543213084,
          34.07726711921327
        ]
      },
      "tg_req_throughput": {
        "mean": 34.74240627567205,
        "std": 0.6651391564587854,
        "values": [
          35.40754543213084,
          34.07726711921327
        ]
      },
      "peak_throughput": {
        "mean": 37.5,
        "std": 0.5,
        "values": [
          38.0,
          37.0
        ]
      },
      "peak_req_throughput": {
        "mean": 37.5,
        "std": 0.5,
        "values": [
          38.0,
          37.0
        ]
      },
      "ttfr": {
        "mean": 2282.113799941726,
        "std": 33.12730009201914,
        "values": [
          2248.986499849707,
          2315.241100033745
        ]
      },
      "est_ppt": {
        "mean": 2259.5408999283486,
        "std": 33.12730009201914,
        "values": [
          2226.4135998363295,
          2292.6682000203677
        ]
      },
      "e2e_ttft": {
        "mean": 2282.113799941726,
        "std": 33.12730009201914,
        "values": [
          2248.986499849707,
          2315.241100033745
        ]
      },
      "throughput_over_time": null,
      "requests_throughput_over_time": null
    },
    {
      "concurrency": 2,
      "context_size": 0,
      "prompt_size": 1024,
      "response_size": 256,
      "is_context_prefill_phase": false,
      "pp_throughput": {
        "mean": 167.59887825747057,
        "std": 0.6738853830622844,
        "values": [
          166.92499287440828,
          168.27276364053284
        ]
      },
      "pp_req_throughput": {
        "mean": 257.8578176069084,
        "std": 173.93542883569293,
        "values": [
          426.98427180567114,
          83.6179637639662,
          84.29271864757384,
          436.53631621042246
        ]
      },
      "tg_throughput": {
        "mean": 28.909139530403305,
        "std": 0.24433058533970708,
        "values": [
          29.153470115743012,
          28.664808945063598
        ]
      },
      "tg_req_throughput": {
        "mean": 33.39499169526544,
        "std": 0.8119801196509195,
        "values": [
          33.793572189788165,
          33.37083172533085,
          32.11058013433569,
          34.30498273160705
        ]
      },
      "peak_throughput": {
        "mean": 37.0,
        "std": 1.0,
        "values": [
          36.0,
          38.0
        ]
      },
      "peak_req_throughput": {
        "mean": 36.0,
        "std": 1.224744871391589,
        "values": [
          36.0,
          35.0,
          35.0,
          38.0
        ]
      },
      "ttfr": {
        "mean": 7307.140050106682,
        "std": 4912.747841501631,
        "values": [
          2420.787699986249,
          12268.745300127193,
          12170.71590013802,
          2368.3113001752645
        ]
      },
      "est_ppt": {
        "mean": 7284.567150093305,
        "std": 4912.747841501631,
        "values": [
          2398.214799972872,
          12246.172400113815,
          12148.143000124643,
          2345.738400161887
        ]
      },
      "e2e_ttft": {
        "mean": 7307.140050106682,
        "std": 4912.747841501631,
        "values": [
          2420.787699986249,
          12268.745300127193,
          12170.71590013802,
          2368.3113001752645
        ]
      },
      "throughput_over_time": null,
      "requests_throughput_over_time": null
    },
    {
      "concurrency": 3,
      "context_size": 0,
      "prompt_size": 1024,
      "response_size": 256,
      "is_context_prefill_phase": false,
      "pp_throughput": {
        "mean": 139.09442429770888,
        "std": 0.002389122185661563,
        "values": [
          139.09681341989454,
          139.09203517552322
        ]
      },
      "pp_req_throughput": {
        "mean": 191.47515226624034,
        "std": 179.39347375634335,
        "values": [
          46.413042144711156,
          428.01906426722053,
          83.98441140982932,
          46.41144613582483,
          459.79610645078617,
          84.2268431890701
        ]
      },
      "tg_throughput": {
        "mean": 27.66780776843479,
        "std": 0.05565582003780456,
        "values": [
          27.612151948396985,
          27.723463588472594
        ]
      },
      "tg_req_throughput": {
        "mean": 33.21722371863154,
        "std": 0.20206433581289326,
        "values": [
          33.6062028598477,
          33.12962384434698,
          33.10021916926452,
          33.17727739543607,
          32.97139225457863,
          33.318626788315306
        ]
      },
      "peak_throughput": {
        "mean": 37.0,
        "std": 1.0,
        "values": [
          36.0,
          38.0
        ]
      },
      "peak_req_throughput": {
        "mean": 36.333333333333336,
        "std": 0.7453559924999298,
        "values": [
          36.0,
          36.0,
          36.0,
          36.0,
          36.0,
          38.0
        ]
      },
      "ttfr": {
        "mean": 12205.266400007531,
        "std": 8064.440325595694,
        "values": [
          22085.336999967694,
          2414.9896998424083,
          12215.311800129712,
          22086.09570004046,
          2249.6470001060516,
          12180.21719995886
        ]
      },
      "est_ppt": {
        "mean": 12182.693499994153,
        "std": 8064.440325595696,
        "values": [
          22062.76409995432,
          2392.416799829031,
          12192.738900116334,
          22063.522800027084,
          2227.074100092674,
          12157.644299945483
        ]
      },
      "e2e_ttft": {
        "mean": 12205.266400007531,
        "std": 8064.440325595694,
        "values": [
          22085.336999967694,
          2414.9896998424083,
          12215.311800129712,
          22086.09570004046,
          2249.6470001060516,
          12180.21719995886
        ]
      },
      "throughput_over_time": null,
      "requests_throughput_over_time": null
    },
    {
      "concurrency": 4,
      "context_size": 0,
      "prompt_size": 1024,
      "response_size": 256,
      "is_context_prefill_phase": false,
      "pp_throughput": {
        "mean": 127.09615201956575,
        "std": 0.7840889339704944,
        "values": [
          127.88024095353624,
          126.31206308559526
        ]
      },
      "pp_req_throughput": {
        "mean": 150.85835779751227,
        "std": 169.57671308735786,
        "values": [
          83.84664085881471,
          31.992842801204173,
          444.3728703102476,
          46.30049546041145,
          441.19545352478633,
          31.600452567702334,
          81.9959256030388,
          45.56218125389259
        ]
      },
      "tg_throughput": {
        "mean": 26.831154476962723,
        "std": 0.1731830820914606,
        "values": [
          27.004337559054186,
          26.657971394871264
        ]
      },
      "tg_req_throughput": {
        "mean": 32.558408171141494,
        "std": 0.49508284845972106,