{
  "version": "0.3.5",
  "timestamp": "2026-03-29 14:59:32Z",
  "latency_mode": "api",
  "latency_ms": 16.944499996801216,
  "model": "qwen3-coder-next",
  "prefix_caching_enabled": false,
  "max_concurrency": 4,
  "benchmarks": [
    {
      "concurrency": 1,
      "context_size": 0,
      "prompt_size": 1024,
      "response_size": 256,
      "is_context_prefill_phase": false,
      "pp_throughput": {
        "mean": 499.54139393016345,
        "std": 28.636401459873525,
        "values": [
          528.177795390037,
          470.9049924702899
        ]
      },
      "pp_req_throughput": {
        "mean": 499.54139393016345,
        "std": 28.636401459873525,
        "values": [
          528.177795390037,
          470.9049924702899
        ]
      },
      "tg_throughput": {
        "mean": 30.978873895343508,
        "std": 0.40922443282833854,
        "values": [
          30.56964946251517,
          31.388098328171846
        ]
      },
      "tg_req_throughput": {
        "mean": 30.978873895343508,
        "std": 0.40922443282833854,
        "values": [
          30.56964946251517,
          31.388098328171846
        ]
      },
      "peak_throughput": {
        "mean": 35.0,
        "std": 0.0,
        "values": [
          35.0,
          35.0
        ]
      },
      "peak_req_throughput": {
        "mean": 35.0,
        "std": 0.0,
        "values": [
          35.0,
          35.0
        ]
      },
      "ttfr": {
        "mean": 2073.5831999918446,
        "std": 117.89760005194694,
        "values": [
          1955.6855999398977,
          2191.4808000437915
        ]
      },
      "est_ppt": {
        "mean": 2056.638699995043,
        "std": 117.89760005194682,
        "values": [
          1938.7410999430965,
          2174.53630004699
        ]
      },
      "e2e_ttft": {
        "mean": 2073.5831999918446,
        "std": 117.89760005194694,
        "values": [
          1955.6855999398977,
          2191.4808000437915
        ]
      },
      "throughput_over_time": null,
      "requests_throughput_over_time": null
    },
    {
      "concurrency": 2,
      "context_size": 0,
      "prompt_size": 1024,
      "response_size": 256,
      "is_context_prefill_phase": false,
      "pp_throughput": {
        "mean": 167.1730775584918,
        "std": 0.00472080357067739,
        "values": [
          167.17779836206248,
          167.16835675492112
        ]
      },
      "pp_req_throughput": {
        "mean": 292.8598280404101,
        "std": 209.27580227752262,
        "values": [
          83.70467747201793,
          511.9666454071435,
          83.69994358226906,
          492.0680457002099
        ]
      },
      "tg_throughput": {
        "mean": 27.616389412597073,
        "std": 0.2874572689622177,
        "values": [
          27.90384668155929,
          27.328932143634855
        ]
      },
      "tg_req_throughput": {
        "mean": 31.357125481694084,
        "std": 0.5711022497745452,
        "values": [
          32.04060877606369,
          31.286903551721103,
          31.61816804843741,
          30.482821550554128
        ]
      },
      "peak_throughput": {
        "mean": 35.0,
        "std": 0.0,
        "values": [
          35.0,
          35.0
        ]
      },
      "peak_req_throughput": {
        "mean": 35.0,
        "std": 0.0,
        "values": [
          35.0,
          35.0,
          35.0,
          35.0
        ]
      },
      "ttfr": {
        "mean": 7154.146299988497,
        "std": 5096.710379998507,
        "values": [
          12250.430500134826,
          2017.0747998636216,
          12251.122399931774,
          2097.9575000237674
        ]
      },
      "est_ppt": {
        "mean": 7137.201799991696,
        "std": 5096.710379998506,
        "values": [
          12233.486000138024,
          2000.1302998668202,
          12234.177899934972,
          2081.013000026966
        ]
      },
      "e2e_ttft": {
        "mean": 7154.146299988497,
        "std": 5096.710379998507,
        "values": [
          12250.430500134826,
          2017.0747998636216,
          12251.122399931774,
          2097.9575000237674
        ]
      },
      "throughput_over_time": null,
      "requests_throughput_over_time": null
    },
    {
      "concurrency": 3,
      "context_size": 0,
      "prompt_size": 1024,
      "response_size": 256,
      "is_context_prefill_phase": false,
      "pp_throughput": {
        "mean": 138.94679157575717,
        "std": 0.24970228113507176,
        "values": [
          138.6970892946221,
          139.19649385689223
        ]
      },
      "pp_req_throughput": {
        "mean": 205.54553082506462,
        "std": 198.47565505528698,
        "values": [
          84.91157823111021,
          46.26896948084569,
          475.9548670394014,
          46.43448267458772,
          494.5237770304139,
          85.17951049402872
        ]
      },
      "tg_throughput": {
        "mean": 26.984967043739204,
        "std": 0.0337383920065939,
        "values": [
          27.018705435745797,
          26.95122865173261
        ]
      },
      "tg_req_throughput": {
        "mean": 31.725761681835664,
        "std": 0.43969232410892,
        "values": [
          31.453837992247564,
          31.74566830383741,
          32.30642568465131,
          30.927070728062077,
          31.954125642113947,
          31.96744174010168
        ]
      },
      "peak_throughput": {
        "mean": 35.0,
        "std": 0.0,
        "values": [
          35.0,
          35.0
        ]
      },
      "peak_req_throughput": {
        "mean": 35.0,
        "std": 0.0,
        "values": [
          35.0,
          35.0,
          35.0,
          35.0,
          35.0,
          35.0
        ]
      },
      "ttfr": {
        "mean": 12098.187500028871,
        "std": 8157.311011574382,
        "values": [
          12076.548400102183,
          22148.407800123096,
          2168.4089999180287,
          22069.521400146186,
          2087.62349979952,
          12038.614900084212
        ]
      },
      "est_ppt": {
        "mean": 12081.24300003207,
        "std": 8157.311011574382,
        "values": [
          12059.603900105381,
          22131.463300126296,
          2151.4644999212273,
          22052.576900149386,
          2070.6789998027184,
          12021.67040008741
        ]
      },
      "e2e_ttft": {
        "mean": 12098.187500028871,
        "std": 8157.311011574382,
        "values": [
          12076.548400102183,
          22148.407800123096,
          2168.4089999180287,
          22069.521400146186,
          2087.62349979952,
          12038.614900084212
        ]
      },
      "throughput_over_time": null,
      "requests_throughput_over_time": null
    },
    {
      "concurrency": 4,
      "context_size": 0,
      "prompt_size": 1024,
      "response_size": 256,
      "is_context_prefill_phase": false,
      "pp_throughput": {
        "mean": 126.57055997793995,
        "std": 0.13571392744331945,
        "values": [
          126.70627390538327,
          126.43484605049663
        ]
      },
      "pp_req_throughput": {
        "mean": 160.34486624612657,
        "std": 185.4023449689449,
        "values": [
          473.8335596607263,
          46.09190600048334,
          84.19925635525118,
          31.693622407236358,
          485.5814322738137,
          84.02976488500498,
          31.62577487419023,
          45.703613512306696
        ]
      },
      "tg_throughput": {
        "mean": 26.57497092063717,
        "std": 0.20980090411274155,
        "values": [
          26.78477182474991,
          26.365170016524427
        ]
      },
      "tg_req_throughput": {
        "mean": 31.854052620360896,
        "std": 0.5741747015679856,